,E_MeV,dGamma
0,0.0,0.0
1,0.002,0.0
2,0.003,9.068e-23
3,0.004,1.479e-22
4,0.005,2.048e-22
5,0.006,2.595e-22
6,0.007,3.126e-22
7,0.008,3.65e-22
8,0.009,4.178e-22
9,0.01,4.714e-22
10,0.011,5.258e-22
11,0.012,5.808e-22
12,0.013,6.359e-22
13,0.014,6.908e-22
14,0.015,7.455e-22
15,0.016,8.001e-22
16,0.017,8.545e-22
17,0.018,9.09e-22
18,0.019,9.637e-22
19,0.02,1.019e-21
20,0.021,1.074e-21
21,0.022,1.13e-21
22,0.023,1.185e-21
23,0.024,1.241e-21
24,0.025,1.297e-21
25,0.026,1.354e-21
26,0.027,1.41e-21
27,0.028,1.466e-21
28,0.029,1.522e-21
29,0.03,1.578e-21
30,0.031,1.635e-21
31,0.032,1.692e-21
32,0.033,1.749e-21
33,0.034,1.806e-21
34,0.035,1.863e-21
35,0.036,1.921e-21
36,0.037,1.978e-21
37,0.038,2.036e-21
38,0.039,2.094e-21
39,0.04,2.152e-21
40,0.041,2.211e-21
41,0.042,2.269e-21
42,0.043,2.328e-21
43,0.044,2.386e-21
44,0.045,2.445e-21
45,0.046,2.504e-21
46,0.047,2.563e-21
47,0.048,2.623e-21
48,0.049,2.682e-21
49,0.05,2.742e-21
50,0.051,2.802e-21
51,0.052,2.862e-21
52,0.053,2.922e-21
53,0.054,2.983e-21
54,0.055,3.043e-21
55,0.056,3.104e-21
56,0.057,3.165e-21
57,0.058,3.226e-21
58,0.059,3.287e-21
59,0.06,3.348e-21
60,0.061,3.41e-21
61,0.062,3.472e-21
62,0.063,3.533e-21
63,0.064,3.595e-21
64,0.065,3.658e-21
65,0.066,3.72e-21
66,0.067,3.782e-21
67,0.068,3.845e-21
68,0.069,3.908e-21
69,0.07,3.971e-21
70,0.071,4.034e-21
71,0.072,4.097e-21
72,0.073,4.161e-21
73,0.074,4.225e-21
74,0.075,4.288e-21
75,0.076,4.352e-21
76,0.077,4.416e-21
77,0.078,4.481e-21
78,0.079,4.545e-21
79,0.08,4.61e-21
80,0.081,4.674e-21
81,0.082,4.739e-21
82,0.083,4.804e-21
83,0.084,4.869e-21
84,0.085,4.935e-21
85,0.086,5e-21
86,0.087,5.066e-21
87,0.088,5.131e-21
88,0.089,5.197e-21
89,0.09,5.264e-21
90,0.091,5.33e-21
91,0.092,5.396e-21
92,0.093,5.463e-21
93,0.094,5.529e-21
94,0.095,5.596e-21
95,0.096,5.663e-21
96,0.097,5.73e-21
97,0.098,5.797e-21
98,0.099,5.865e-21
99,0.1,5.932e-21
100,0.101,6e-21
101,0.102,6.068e-21
102,0.103,6.135e-21
103,0.104,6.203e-21
104,0.105,6.272e-21
105,0.106,6.34e-21
106,0.107,6.408e-21
107,0.108,6.477e-21
108,0.109,6.546e-21
109,0.11,6.614e-21
110,0.111,6.683e-21
111,0.112,6.753e-21
112,0.113,6.822e-21
113,0.114,6.891e-21
114,0.115,6.961e-21
115,0.116,7.03e-21
116,0.117,7.1e-21
117,0.118,7.17e-21
118,0.119,7.24e-21
119,0.12,7.31e-21
120,0.121,7.38e-21
121,0.122,7.45e-21
122,0.123,7.521e-21
123,0.124,7.591e-21
124,0.125,7.662e-21
125,0.126,7.733e-21
126,0.127,7.803e-21
127,0.128,7.874e-21
128,0.129,7.946e-21
129,0.13,8.017e-21
130,0.131,8.088e-21
131,0.132,8.16e-21
132,0.133,8.231e-21
133,0.134,8.303e-21
134,0.135,8.375e-21
135,0.136,8.446e-21
136,0.137,8.518e-21
137,0.138,8.591e-21
138,0.139,8.663e-21
139,0.14,8.735e-21
140,0.141,8.807e-21
141,0.142,8.88e-21
142,0.143,8.952e-21
143,0.144,9.025e-21
144,0.145,9.098e-21
145,0.146,9.171e-21
146,0.147,9.244e-21
147,0.148,9.317e-21
148,0.149,9.39e-21
149,0.15,9.463e-21
150,0.151,9.536e-21
151,0.152,9.61e-21
152,0.153,9.683e-21
153,0.154,9.757e-21
154,0.155,9.83e-21
155,0.156,9.904e-21
156,0.157,9.978e-21
157,0.158,1.005e-20
158,0.159,1.013e-20
159,0.16,1.02e-20
160,0.161,1.027e-20
161,0.162,1.035e-20
162,0.163,1.042e-20
163,0.164,1.05e-20
164,0.165,1.057e-20
165,0.166,1.065e-20
166,0.167,1.072e-20
167,0.168,1.079e-20
168,0.169,1.087e-20
169,0.17,1.094e-20
170,0.171,1.102e-20
171,0.172,1.109e-20
172,0.173,1.117e-20
173,0.174,1.124e-20
174,0.175,1.132e-20
175,0.176,1.139e-20
176,0.177,1.147e-20
177,0.178,1.155e-20
178,0.179,1.162e-20
179,0.18,1.17e-20
180,0.181,1.177e-20
181,0.182,1.185e-20
182,0.183,1.192e-20
183,0.184,1.2e-20
184,0.185,1.207e-20
185,0.186,1.215e-20
186,0.187,1.223e-20
187,0.188,1.23e-20
188,0.189,1.238e-20
189,0.19,1.245e-20
190,0.191,1.253e-20
191,0.192,1.261e-20
192,0.193,1.268e-20
193,0.194,1.276e-20
194,0.195,1.283e-20
195,0.196,1.291e-20
196,0.197,1.299e-20
197,0.198,1.306e-20
198,0.199,1.314e-20
199,0.2,1.321e-20
200,0.201,1.329e-20
201,0.202,1.337e-20
202,0.203,1.344e-20
203,0.204,1.352e-20
204,0.205,1.36e-20
205,0.206,1.367e-20
206,0.207,1.375e-20
207,0.208,1.383e-20
208,0.209,1.39e-20
209,0.21,1.398e-20
210,0.211,1.406e-20
211,0.212,1.413e-20
212,0.213,1.421e-20
213,0.214,1.429e-20
214,0.215,1.436e-20
215,0.216,1.444e-20
216,0.217,1.452e-20
217,0.218,1.459e-20
218,0.219,1.467e-20
219,0.22,1.475e-20
220,0.221,1.482e-20
221,0.222,1.49e-20
222,0.223,1.498e-20
223,0.224,1.506e-20
224,0.225,1.513e-20
225,0.226,1.521e-20
226,0.227,1.529e-20
227,0.228,1.536e-20
228,0.229,1.544e-20
229,0.23,1.552e-20
230,0.231,1.559e-20
231,0.232,1.567e-20
232,0.233,1.575e-20
233,0.234,1.582e-20
234,0.235,1.59e-20
235,0.236,1.598e-20
236,0.237,1.606e-20
237,0.238,1.613e-20
238,0.239,1.621e-20
239,0.24,1.629e-20
240,0.241,1.636e-20
241,0.242,1.644e-20
242,0.243,1.652e-20
243,0.244,1.659e-20
244,0.245,1.667e-20
245,0.246,1.675e-20
246,0.247,1.683e-20
247,0.248,1.69e-20
248,0.249,1.698e-20
249,0.25,1.706e-20
250,0.251,1.713e-20
251,0.252,1.721e-20
252,0.253,1.729e-20
253,0.254,1.736e-20
254,0.255,1.744e-20
255,0.256,1.752e-20
256,0.257,1.759e-20
257,0.258,1.767e-20
258,0.259,1.775e-20
259,0.26,1.782e-20
260,0.261,1.79e-20
261,0.262,1.798e-20
262,0.263,1.805e-20
263,0.264,1.813e-20
264,0.265,1.821e-20
265,0.266,1.828e-20
266,0.267,1.836e-20
267,0.268,1.843e-20
268,0.269,1.851e-20
269,0.27,1.859e-20
270,0.271,1.866e-20
271,0.272,1.874e-20
272,0.273,1.882e-20
273,0.274,1.889e-20
274,0.275,1.897e-20
275,0.276,1.904e-20
276,0.277,1.912e-20
277,0.278,1.92e-20
278,0.279,1.927e-20
279,0.28,1.935e-20
280,0.281,1.942e-20
281,0.282,1.95e-20
282,0.283,1.957e-20
283,0.284,1.965e-20
284,0.285,1.973e-20
285,0.286,1.98e-20
286,0.287,1.988e-20
287,0.288,1.995e-20
288,0.289,2.003e-20
289,0.29,2.01e-20
290,0.291,2.018e-20
291,0.292,2.025e-20
292,0.293,2.033e-20
293,0.294,2.04e-20
294,0.295,2.048e-20
295,0.296,2.055e-20
296,0.297,2.063e-20
297,0.298,2.07e-20
298,0.299,2.078e-20
299,0.3,2.085e-20
300,0.301,2.093e-20
301,0.302,2.1e-20
302,0.303,2.108e-20
303,0.304,2.115e-20
304,0.305,2.123e-20
305,0.306,2.13e-20
306,0.307,2.137e-20
307,0.308,2.145e-20
308,0.309,2.152e-20
309,0.31,2.16e-20
310,0.311,2.167e-20
311,0.312,2.174e-20
312,0.313,2.182e-20
313,0.314,2.189e-20
314,0.315,2.196e-20
315,0.316,2.204e-20
316,0.317,2.211e-20
317,0.318,2.218e-20
318,0.319,2.226e-20
319,0.32,2.233e-20
320,0.321,2.24e-20
321,0.322,2.248e-20
322,0.323,2.255e-20
323,0.324,2.262e-20
324,0.325,2.27e-20
325,0.326,2.277e-20
326,0.327,2.284e-20
327,0.328,2.291e-20
328,0.329,2.299e-20
329,0.33,2.306e-20
330,0.331,2.313e-20
331,0.332,2.32e-20
332,0.333,2.327e-20
333,0.334,2.335e-20
334,0.335,2.342e-20
335,0.336,2.349e-20
336,0.337,2.356e-20
337,0.338,2.363e-20
338,0.339,2.37e-20
339,0.34,2.377e-20
340,0.341,2.385e-20
341,0.342,2.392e-20
342,0.343,2.399e-20
343,0.344,2.406e-20
344,0.345,2.413e-20
345,0.346,2.42e-20
346,0.347,2.427e-20
347,0.348,2.434e-20
348,0.349,2.441e-20
349,0.35,2.448e-20
350,0.351,2.455e-20
351,0.352,2.462e-20
352,0.353,2.469e-20
353,0.354,2.476e-20
354,0.355,2.483e-20
355,0.356,2.49e-20
356,0.357,2.497e-20
357,0.358,2.504e-20
358,0.359,2.511e-20
359,0.36,2.518e-20
360,0.361,2.524e-20
361,0.362,2.531e-20
362,0.363,2.538e-20
363,0.364,2.545e-20
364,0.365,2.552e-20
365,0.366,2.559e-20
366,0.367,2.565e-20
367,0.368,2.572e-20
368,0.369,2.579e-20
369,0.37,2.586e-20
370,0.371,2.593e-20
371,0.372,2.599e-20
372,0.373,2.606e-20
373,0.374,2.613e-20
374,0.375,2.619e-20
375,0.376,2.626e-20
376,0.377,2.633e-20
377,0.378,2.639e-20
378,0.379,2.646e-20
379,0.38,2.653e-20
380,0.381,2.659e-20
381,0.382,2.666e-20
382,0.383,2.673e-20
383,0.384,2.679e-20
384,0.385,2.686e-20
385,0.386,2.692e-20
386,0.387,2.699e-20
387,0.388,2.705e-20
388,0.389,2.712e-20
389,0.39,2.718e-20
390,0.391,2.725e-20
391,0.392,2.731e-20
392,0.393,2.738e-20
393,0.394,2.744e-20
394,0.395,2.751e-20
395,0.396,2.757e-20
396,0.397,2.763e-20
397,0.398,2.77e-20
398,0.399,2.776e-20
399,0.4,2.782e-20
400,0.401,2.789e-20
401,0.402,2.795e-20
402,0.403,2.801e-20
403,0.404,2.808e-20
404,0.405,2.814e-20
405,0.406,2.82e-20
406,0.407,2.826e-20
407,0.408,2.833e-20
408,0.409,2.839e-20
409,0.41,2.845e-20
410,0.411,2.851e-20
411,0.412,2.857e-20
412,0.413,2.863e-20
413,0.414,2.869e-20
414,0.415,2.876e-20
415,0.416,2.882e-20
416,0.417,2.888e-20
417,0.418,2.894e-20
418,0.419,2.9e-20
419,0.42,2.906e-20
420,0.421,2.912e-20
421,0.422,2.918e-20
422,0.423,2.924e-20
423,0.424,2.93e-20
424,0.425,2.936e-20
425,0.426,2.942e-20
426,0.427,2.947e-20
427,0.428,2.953e-20
428,0.429,2.959e-20
429,0.43,2.965e-20
430,0.431,2.971e-20
431,0.432,2.977e-20
432,0.433,2.982e-20
433,0.434,2.988e-20
434,0.435,2.994e-20
435,0.436,3e-20
436,0.437,3.005e-20
437,0.438,3.011e-20
438,0.439,3.017e-20
439,0.44,3.022e-20
440,0.441,3.028e-20
441,0.442,3.034e-20
442,0.443,3.039e-20
443,0.444,3.045e-20
444,0.445,3.05e-20
445,0.446,3.056e-20
446,0.447,3.062e-20
447,0.448,3.067e-20
448,0.449,3.073e-20
449,0.45,3.078e-20
450,0.451,3.084e-20
451,0.452,3.089e-20
452,0.453,3.094e-20
453,0.454,3.1e-20
454,0.455,3.105e-20
455,0.456,3.111e-20
456,0.457,3.116e-20
457,0.458,3.121e-20
458,0.459,3.126e-20
459,0.46,3.132e-20
460,0.461,3.137e-20
461,0.462,3.142e-20
462,0.463,3.148e-20
463,0.464,3.153e-20
464,0.465,3.158e-20
465,0.466,3.163e-20
466,0.467,3.168e-20
467,0.468,3.173e-20
468,0.469,3.178e-20
469,0.47,3.184e-20
470,0.471,3.189e-20
471,0.472,3.194e-20
472,0.473,3.199e-20
473,0.474,3.204e-20
474,0.475,3.209e-20
475,0.476,3.214e-20
476,0.477,3.219e-20
477,0.478,3.224e-20
478,0.479,3.228e-20
479,0.48,3.233e-20
480,0.481,3.238e-20
481,0.482,3.243e-20
482,0.483,3.248e-20
483,0.484,3.253e-20
484,0.485,3.257e-20
485,0.486,3.262e-20
486,0.487,3.267e-20
487,0.488,3.272e-20
488,0.489,3.276e-20
489,0.49,3.281e-20
490,0.491,3.286e-20
491,0.492,3.29e-20
492,0.493,3.295e-20
493,0.494,3.3e-20
494,0.495,3.304e-20
495,0.496,3.309e-20
496,0.497,3.313e-20
497,0.498,3.318e-20
498,0.499,3.322e-20
499,0.5,3.327e-20
500,0.501,3.331e-20
501,0.502,3.335e-20
502,0.503,3.34e-20
503,0.504,3.344e-20
504,0.505,3.349e-20
505,0.506,3.353e-20
506,0.507,3.357e-20
507,0.508,3.362e-20
508,0.509,3.366e-20
509,0.51,3.37e-20
510,0.511,3.374e-20
511,0.512,3.378e-20
512,0.513,3.383e-20
513,0.514,3.387e-20
514,0.515,3.391e-20
515,0.516,3.395e-20
516,0.517,3.399e-20
517,0.518,3.403e-20
518,0.519,3.407e-20
519,0.52,3.411e-20
520,0.521,3.415e-20
521,0.522,3.419e-20
522,0.523,3.423e-20
523,0.524,3.427e-20
524,0.525,3.431e-20
525,0.526,3.435e-20
526,0.527,3.439e-20
527,0.528,3.443e-20
528,0.529,3.447e-20
529,0.53,3.45e-20
530,0.531,3.454e-20
531,0.532,3.458e-20
532,0.533,3.462e-20
533,0.534,3.465e-20
534,0.535,3.469e-20
535,0.536,3.473e-20
536,0.537,3.476e-20
537,0.538,3.48e-20
538,0.539,3.484e-20
539,0.54,3.487e-20
540,0.541,3.491e-20
541,0.542,3.494e-20
542,0.543,3.498e-20
543,0.544,3.501e-20
544,0.545,3.505e-20
545,0.546,3.508e-20
546,0.547,3.511e-20
547,0.548,3.515e-20
548,0.549,3.518e-20
549,0.55,3.522e-20
550,0.551,3.525e-20
551,0.552,3.528e-20
552,0.553,3.531e-20
553,0.554,3.535e-20
554,0.555,3.538e-20
555,0.556,3.541e-20
556,0.557,3.544e-20
557,0.558,3.547e-20
558,0.559,3.551e-20
559,0.56,3.554e-20
560,0.561,3.557e-20
561,0.562,3.56e-20
562,0.563,3.563e-20
563,0.564,3.566e-20
564,0.565,3.569e-20
565,0.566,3.572e-20
566,0.567,3.575e-20
567,0.568,3.578e-20
568,0.569,3.581e-20
569,0.57,3.583e-20
570,0.571,3.586e-20
571,0.572,3.589e-20
572,0.573,3.592e-20
573,0.574,3.595e-20
574,0.575,3.597e-20
575,0.576,3.6e-20
576,0.577,3.603e-20
577,0.578,3.605e-20
578,0.579,3.608e-20
579,0.58,3.611e-20
580,0.581,3.613e-20
581,0.582,3.616e-20
582,0.583,3.619e-20
583,0.584,3.621e-20
584,0.585,3.624e-20
585,0.586,3.626e-20
586,0.587,3.628e-20
587,0.588,3.631e-20
588,0.589,3.633e-20
589,0.59,3.636e-20
590,0.591,3.638e-20
591,0.592,3.64e-20
592,0.593,3.643e-20
593,0.594,3.645e-20
594,0.595,3.647e-20
595,0.596,3.65e-20
596,0.597,3.652e-20
597,0.598,3.654e-20
598,0.599,3.656e-20
599,0.6,3.658e-20
600,0.601,3.66e-20
601,0.602,3.662e-20
602,0.603,3.665e-20
603,0.604,3.667e-20
604,0.605,3.669e-20
605,0.606,3.671e-20
606,0.607,3.673e-20
607,0.608,3.675e-20
608,0.609,3.676e-20
609,0.61,3.678e-20
610,0.611,3.68e-20
611,0.612,3.682e-20
612,0.613,3.684e-20
613,0.614,3.686e-20
614,0.615,3.688e-20
615,0.616,3.689e-20
616,0.617,3.691e-20
617,0.618,3.693e-20
618,0.619,3.694e-20
619,0.62,3.696e-20
620,0.621,3.698e-20
621,0.622,3.699e-20
622,0.623,3.701e-20
623,0.624,3.702e-20
624,0.625,3.704e-20
625,0.626,3.706e-20
626,0.627,3.707e-20
627,0.628,3.708e-20
628,0.629,3.71e-20
629,0.63,3.711e-20
630,0.631,3.713e-20
631,0.632,3.714e-20
632,0.633,3.715e-20
633,0.634,3.717e-20
634,0.635,3.718e-20
635,0.636,3.719e-20
636,0.637,3.721e-20
637,0.638,3.722e-20
638,0.639,3.723e-20
639,0.64,3.724e-20
640,0.641,3.725e-20
641,0.642,3.726e-20
642,0.643,3.727e-20
643,0.644,3.729e-20
644,0.645,3.73e-20
645,0.646,3.731e-20
646,0.647,3.732e-20
647,0.648,3.733e-20
648,0.649,3.734e-20
649,0.65,3.734e-20
650,0.651,3.735e-20
651,0.652,3.736e-20
652,0.653,3.737e-20
653,0.654,3.738e-20
654,0.655,3.739e-20
655,0.656,3.739e-20
656,0.657,3.74e-20
657,0.658,3.741e-20
658,0.659,3.742e-20
659,0.66,3.742e-20
660,0.661,3.743e-20
661,0.662,3.744e-20
662,0.663,3.744e-20
663,0.664,3.745e-20
664,0.665,3.745e-20
665,0.666,3.746e-20
666,0.667,3.746e-20
667,0.668,3.747e-20
668,0.669,3.747e-20
669,0.67,3.748e-20
670,0.671,3.748e-20
671,0.672,3.749e-20
672,0.673,3.749e-20
673,0.674,3.749e-20
674,0.675,3.75e-20
675,0.676,3.75e-20
676,0.677,3.75e-20
677,0.678,3.75e-20
678,0.679,3.751e-20
679,0.68,3.751e-20
680,0.681,3.751e-20
681,0.682,3.751e-20
682,0.683,3.751e-20
683,0.684,3.751e-20
684,0.685,3.751e-20
685,0.686,3.751e-20
686,0.687,3.751e-20
687,0.688,3.751e-20
688,0.689,3.751e-20
689,0.69,3.751e-20
690,0.691,3.751e-20
691,0.692,3.751e-20
692,0.693,3.751e-20
693,0.694,3.751e-20
694,0.695,3.751e-20
695,0.696,3.751e-20
696,0.697,3.75e-20
697,0.698,3.75e-20
698,0.699,3.75e-20
699,0.7,3.75e-20
700,0.701,3.749e-20
701,0.702,3.749e-20
702,0.703,3.749e-20
703,0.704,3.748e-20
704,0.705,3.748e-20
705,0.706,3.747e-20
706,0.707,3.747e-20
707,0.708,3.746e-20
708,0.709,3.746e-20
709,0.71,3.745e-20
710,0.711,3.745e-20
711,0.712,3.744e-20
712,0.713,3.744e-20
713,0.714,3.743e-20
714,0.715,3.742e-20
715,0.716,3.742e-20
716,0.717,3.741e-20
717,0.718,3.74e-20
718,0.719,3.74e-20
719,0.72,3.739e-20
720,0.721,3.738e-20
721,0.722,3.737e-20
722,0.723,3.737e-20
723,0.724,3.736e-20
724,0.725,3.735e-20
725,0.726,3.734e-20
726,0.727,3.733e-20
727,0.728,3.732e-20
728,0.729,3.731e-20
729,0.73,3.73e-20
730,0.731,3.729e-20
731,0.732,3.728e-20
732,0.733,3.727e-20
733,0.734,3.726e-20
734,0.735,3.725e-20
735,0.736,3.724e-20
736,0.737,3.723e-20
737,0.738,3.721e-20
738,0.739,3.72e-20
739,0.74,3.719e-20
740,0.741,3.718e-20
741,0.742,3.716e-20
742,0.743,3.715e-20
743,0.744,3.714e-20
744,0.745,3.712e-20
745,0.746,3.711e-20
746,0.747,3.71e-20
747,0.748,3.708e-20
748,0.749,3.707e-20
749,0.75,3.706e-20
750,0.751,3.704e-20
751,0.752,3.703e-20
752,0.753,3.701e-20
753,0.754,3.7e-20
754,0.755,3.698e-20
755,0.756,3.696e-20
756,0.757,3.695e-20
757,0.758,3.693e-20
758,0.759,3.692e-20
759,0.76,3.69e-20
760,0.761,3.688e-20
761,0.762,3.686e-20
762,0.763,3.685e-20
763,0.764,3.683e-20
764,0.765,3.681e-20
765,0.766,3.679e-20
766,0.767,3.678e-20
767,0.768,3.676e-20
768,0.769,3.674e-20
769,0.77,3.672e-20
770,0.771,3.67e-20
771,0.772,3.668e-20
772,0.773,3.666e-20
773,0.774,3.664e-20
774,0.775,3.662e-20
775,0.776,3.66e-20
776,0.777,3.658e-20
777,0.778,3.656e-20
778,0.779,3.654e-20
779,0.78,3.652e-20
780,0.781,3.65e-20
781,0.782,3.648e-20
782,0.783,3.646e-20
783,0.784,3.643e-20
784,0.785,3.641e-20
785,0.786,3.639e-20
786,0.787,3.637e-20
787,0.788,3.634e-20
788,0.789,3.632e-20
789,0.79,3.63e-20
790,0.791,3.627e-20
791,0.792,3.625e-20
792,0.793,3.623e-20
793,0.794,3.62e-20
794,0.795,3.618e-20
795,0.796,3.615e-20
796,0.797,3.613e-20
797,0.798,3.611e-20
798,0.799,3.608e-20
799,0.8,3.606e-20
800,0.801,3.603e-20
801,0.802,3.6e-20
802,0.803,3.598e-20
803,0.804,3.595e-20
804,0.805,3.593e-20
805,0.806,3.59e-20
806,0.807,3.587e-20
807,0.808,3.585e-20
808,0.809,3.582e-20
809,0.81,3.579e-20
810,0.811,3.577e-20
811,0.812,3.574e-20
812,0.813,3.571e-20
813,0.814,3.568e-20
814,0.815,3.565e-20
815,0.816,3.563e-20
816,0.817,3.56e-20
817,0.818,3.557e-20
818,0.819,3.554e-20
819,0.82,3.551e-20
820,0.821,3.548e-20
821,0.822,3.545e-20
822,0.823,3.542e-20
823,0.824,3.539e-20
824,0.825,3.536e-20
825,0.826,3.533e-20
826,0.827,3.53e-20
827,0.828,3.527e-20
828,0.829,3.524e-20
829,0.83,3.521e-20
830,0.831,3.518e-20
831,0.832,3.515e-20
832,0.833,3.511e-20
833,0.834,3.508e-20
834,0.835,3.505e-20
835,0.836,3.502e-20
836,0.837,3.499e-20
837,0.838,3.495e-20
838,0.839,3.492e-20
839,0.84,3.489e-20
840,0.841,3.485e-20
841,0.842,3.482e-20
842,0.843,3.479e-20
843,0.844,3.475e-20
844,0.845,3.472e-20
845,0.846,3.469e-20
846,0.847,3.465e-20
847,0.848,3.462e-20
848,0.849,3.458e-20
849,0.85,3.455e-20
850,0.851,3.451e-20
851,0.852,3.448e-20
852,0.853,3.444e-20
853,0.854,3.441e-20
854,0.855,3.437e-20
855,0.856,3.434e-20
856,0.857,3.43e-20
857,0.858,3.426e-20
858,0.859,3.423e-20
859,0.86,3.419e-20
860,0.861,3.416e-20
861,0.862,3.412e-20
862,0.863,3.408e-20
863,0.864,3.404e-20
864,0.865,3.401e-20
865,0.866,3.397e-20
866,0.867,3.393e-20
867,0.868,3.389e-20
868,0.869,3.386e-20
869,0.87,3.382e-20
870,0.871,3.378e-20
871,0.872,3.374e-20
872,0.873,3.37e-20
873,0.874,3.366e-20
874,0.875,3.362e-20
875,0.876,3.359e-20
876,0.877,3.355e-20
877,0.878,3.351e-20
878,0.879,3.347e-20
879,0.88,3.343e-20
880,0.881,3.339e-20
881,0.882,3.335e-20
882,0.883,3.331e-20
883,0.884,3.327e-20
884,0.885,3.323e-20
885,0.886,3.319e-20
886,0.887,3.314e-20
887,0.888,3.31e-20
888,0.889,3.306e-20
889,0.89,3.302e-20
890,0.891,3.298e-20
891,0.892,3.294e-20
892,0.893,3.29e-20
893,0.894,3.285e-20
894,0.895,3.281e-20
895,0.896,3.277e-20
896,0.897,3.273e-20
897,0.898,3.269e-20
898,0.899,3.264e-20
899,0.9,3.26e-20
900,0.901,3.256e-20
901,0.902,3.251e-20
902,0.903,3.247e-20
903,0.904,3.243e-20
904,0.905,3.238e-20
905,0.906,3.234e-20
906,0.907,3.23e-20
907,0.908,3.225e-20
908,0.909,3.221e-20
909,0.91,3.216e-20
910,0.911,3.212e-20
911,0.912,3.207e-20
912,0.913,3.203e-20
913,0.914,3.199e-20
914,0.915,3.194e-20
915,0.916,3.189e-20
916,0.917,3.185e-20
917,0.918,3.18e-20
918,0.919,3.176e-20
919,0.92,3.171e-20
920,0.921,3.167e-20
921,0.922,3.162e-20
922,0.923,3.158e-20
923,0.924,3.153e-20
924,0.925,3.148e-20
925,0.926,3.144e-20
926,0.927,3.139e-20
927,0.928,3.134e-20
928,0.929,3.13e-20
929,0.93,3.125e-20
930,0.931,3.12e-20
931,0.932,3.116e-20
932,0.933,3.111e-20
933,0.934,3.106e-20
934,0.935,3.101e-20
935,0.936,3.097e-20
936,0.937,3.092e-20
937,0.938,3.087e-20
938,0.939,3.082e-20
939,0.94,3.077e-20
940,0.941,3.072e-20
941,0.942,3.068e-20
942,0.943,3.063e-20
943,0.944,3.058e-20
944,0.945,3.053e-20
945,0.946,3.048e-20
946,0.947,3.043e-20
947,0.948,3.038e-20
948,0.949,3.033e-20
949,0.95,3.028e-20
950,0.951,3.024e-20
951,0.952,3.019e-20
952,0.953,3.014e-20
953,0.954,3.009e-20
954,0.955,3.004e-20
955,0.956,2.999e-20
956,0.957,2.994e-20
957,0.958,2.989e-20
958,0.959,2.984e-20
959,0.96,2.979e-20
960,0.961,2.973e-20
961,0.962,2.968e-20
962,0.963,2.963e-20
963,0.964,2.958e-20
964,0.965,2.953e-20
965,0.966,2.948e-20
966,0.967,2.943e-20
967,0.968,2.938e-20
968,0.969,2.933e-20
969,0.97,2.927e-20
970,0.971,2.922e-20
971,0.972,2.917e-20
972,0.973,2.912e-20
973,0.974,2.907e-20
974,0.975,2.902e-20
975,0.976,2.896e-20
976,0.977,2.891e-20
977,0.978,2.886e-20
978,0.979,2.881e-20
979,0.98,2.875e-20
980,0.981,2.87e-20
981,0.982,2.865e-20
982,0.983,2.86e-20
983,0.984,2.854e-20
984,0.985,2.849e-20
985,0.986,2.844e-20
986,0.987,2.839e-20
987,0.988,2.833e-20
988,0.989,2.828e-20
989,0.99,2.823e-20
990,0.991,2.817e-20
991,0.992,2.812e-20
992,0.993,2.806e-20
993,0.994,2.801e-20
994,0.995,2.796e-20
995,0.996,2.79e-20
996,0.997,2.785e-20
997,0.998,2.78e-20
998,0.999,2.774e-20
999,1.0,2.769e-20
1000,1.001,2.763e-20
1001,1.002,2.758e-20
1002,1.003,2.752e-20
1003,1.004,2.747e-20
1004,1.005,2.742e-20
1005,1.006,2.736e-20
1006,1.007,2.731e-20
1007,1.008,2.725e-20
1008,1.009,2.72e-20
1009,1.01,2.714e-20
1010,1.011,2.709e-20
1011,1.012,2.703e-20
1012,1.013,2.698e-20
1013,1.014,2.692e-20
1014,1.015,2.687e-20
1015,1.016,2.681e-20
1016,1.017,2.676e-20
1017,1.018,2.67e-20
1018,1.019,2.664e-20
1019,1.02,2.659e-20
1020,1.021,2.653e-20
1021,1.022,2.648e-20
1022,1.023,2.642e-20
1023,1.024,2.637e-20
1024,1.025,2.631e-20
1025,1.026,2.625e-20
1026,1.027,2.62e-20
1027,1.028,2.614e-20
1028,1.029,2.609e-20
1029,1.03,2.603e-20
1030,1.031,2.597e-20
1031,1.032,2.592e-20
1032,1.033,2.586e-20
1033,1.034,2.58e-20
1034,1.035,2.575e-20
1035,1.036,2.569e-20
1036,1.037,2.564e-20
1037,1.038,2.558e-20
1038,1.039,2.552e-20
1039,1.04,2.547e-20
1040,1.041,2.541e-20
1041,1.042,2.535e-20
1042,1.043,2.53e-20
1043,1.044,2.524e-20
1044,1.045,2.518e-20
1045,1.046,2.512e-20
1046,1.047,2.507e-20
1047,1.048,2.501e-20
1048,1.049,2.495e-20
1049,1.05,2.49e-20
1050,1.051,2.484e-20
1051,1.052,2.478e-20
1052,1.053,2.472e-20
1053,1.054,2.467e-20
1054,1.055,2.461e-20
1055,1.056,2.455e-20
1056,1.057,2.449e-20
1057,1.058,2.444e-20
1058,1.059,2.438e-20
1059,1.06,2.432e-20
1060,1.061,2.426e-20
1061,1.062,2.421e-20
1062,1.063,2.415e-20
1063,1.064,2.409e-20
1064,1.065,2.403e-20
1065,1.066,2.398e-20
1066,1.067,2.392e-20
1067,1.068,2.386e-20
1068,1.069,2.38e-20
1069,1.07,2.374e-20
1070,1.071,2.369e-20
1071,1.072,2.363e-20
1072,1.073,2.357e-20
1073,1.074,2.351e-20
1074,1.075,2.345e-20
1075,1.076,2.34e-20
1076,1.077,2.334e-20
1077,1.078,2.328e-20
1078,1.079,2.322e-20
1079,1.08,2.316e-20
1080,1.081,2.311e-20
1081,1.082,2.305e-20
1082,1.083,2.299e-20
1083,1.084,2.293e-20
1084,1.085,2.287e-20
1085,1.086,2.282e-20
1086,1.087,2.276e-20
1087,1.088,2.27e-20
1088,1.089,2.264e-20
1089,1.09,2.258e-20
1090,1.091,2.252e-20
1091,1.092,2.247e-20
1092,1.093,2.241e-20
1093,1.094,2.235e-20
1094,1.095,2.229e-20
1095,1.096,2.223e-20
1096,1.097,2.217e-20
1097,1.098,2.212e-20
1098,1.099,2.206e-20
1099,1.1,2.2e-20
1100,1.101,2.194e-20
1101,1.102,2.188e-20
1102,1.103,2.182e-20
1103,1.104,2.176e-20
1104,1.105,2.171e-20
1105,1.106,2.165e-20
1106,1.107,2.159e-20
1107,1.108,2.153e-20
1108,1.109,2.147e-20
1109,1.11,2.141e-20
1110,1.111,2.136e-20
1111,1.112,2.13e-20
1112,1.113,2.124e-20
1113,1.114,2.118e-20
1114,1.115,2.112e-20
1115,1.116,2.106e-20
1116,1.117,2.1e-20
1117,1.118,2.095e-20
1118,1.119,2.089e-20
1119,1.12,2.083e-20
1120,1.121,2.077e-20
1121,1.122,2.071e-20
1122,1.123,2.065e-20
1123,1.124,2.06e-20
1124,1.125,2.054e-20
1125,1.126,2.048e-20
1126,1.127,2.042e-20
1127,1.128,2.036e-20
1128,1.129,2.03e-20
1129,1.13,2.025e-20
1130,1.131,2.019e-20
1131,1.132,2.013e-20
1132,1.133,2.007e-20
1133,1.134,2.001e-20
1134,1.135,1.995e-20
1135,1.136,1.99e-20
1136,1.137,1.984e-20
1137,1.138,1.978e-20
1138,1.139,1.972e-20
1139,1.14,1.966e-20
1140,1.141,1.96e-20
1141,1.142,1.955e-20
1142,1.143,1.949e-20
1143,1.144,1.943e-20
1144,1.145,1.937e-20
1145,1.146,1.931e-20
1146,1.147,1.926e-20
1147,1.148,1.92e-20
1148,1.149,1.914e-20
1149,1.15,1.908e-20
1150,1.151,1.902e-20
1151,1.152,1.897e-20
1152,1.153,1.891e-20
1153,1.154,1.885e-20
1154,1.155,1.879e-20
1155,1.156,1.873e-20
1156,1.157,1.868e-20
1157,1.158,1.862e-20
1158,1.159,1.856e-20
1159,1.16,1.85e-20
1160,1.161,1.845e-20
1161,1.162,1.839e-20
1162,1.163,1.833e-20
1163,1.164,1.827e-20
1164,1.165,1.822e-20
1165,1.166,1.816e-20
1166,1.167,1.81e-20
1167,1.168,1.804e-20
1168,1.169,1.799e-20
1169,1.17,1.793e-20
1170,1.171,1.787e-20
1171,1.172,1.781e-20
1172,1.173,1.776e-20
1173,1.174,1.77e-20
1174,1.175,1.764e-20
1175,1.176,1.758e-20
1176,1.177,1.753e-20
1177,1.178,1.747e-20
1178,1.179,1.741e-20
1179,1.18,1.736e-20
1180,1.181,1.73e-20
1181,1.182,1.724e-20
1182,1.183,1.719e-20
1183,1.184,1.713e-20
1184,1.185,1.707e-20
1185,1.186,1.702e-20
1186,1.187,1.696e-20
1187,1.188,1.69e-20
1188,1.189,1.685e-20
1189,1.19,1.679e-20
1190,1.191,1.673e-20
1191,1.192,1.668e-20
1192,1.193,1.662e-20
1193,1.194,1.656e-20
1194,1.195,1.651e-20
1195,1.196,1.645e-20
1196,1.197,1.639e-20
1197,1.198,1.634e-20
1198,1.199,1.628e-20
1199,1.2,1.623e-20
1200,1.201,1.617e-20
1201,1.202,1.611e-20
1202,1.203,1.606e-20
1203,1.204,1.6e-20
1204,1.205,1.595e-20
1205,1.206,1.589e-20
1206,1.207,1.584e-20
1207,1.208,1.578e-20
1208,1.209,1.572e-20
1209,1.21,1.567e-20
1210,1.211,1.561e-20
1211,1.212,1.556e-20
1212,1.213,1.55e-20
1213,1.214,1.545e-20
1214,1.215,1.539e-20
1215,1.216,1.534e-20
1216,1.217,1.528e-20
1217,1.218,1.523e-20
1218,1.219,1.517e-20
1219,1.22,1.512e-20
1220,1.221,1.506e-20
1221,1.222,1.501e-20
1222,1.223,1.495e-20
1223,1.224,1.49e-20
1224,1.225,1.484e-20
1225,1.226,1.479e-20
1226,1.227,1.474e-20
1227,1.228,1.468e-20
1228,1.229,1.463e-20
1229,1.23,1.457e-20
1230,1.231,1.452e-20
1231,1.232,1.447e-20
1232,1.233,1.441e-20
1233,1.234,1.436e-20
1234,1.235,1.43e-20
1235,1.236,1.425e-20
1236,1.237,1.42e-20
1237,1.238,1.414e-20
1238,1.239,1.409e-20
1239,1.24,1.404e-20
1240,1.241,1.398e-20
1241,1.242,1.393e-20
1242,1.243,1.388e-20
1243,1.244,1.382e-20
1244,1.245,1.377e-20
1245,1.246,1.372e-20
1246,1.247,1.366e-20
1247,1.248,1.361e-20
1248,1.249,1.356e-20
1249,1.25,1.35e-20
1250,1.251,1.345e-20
1251,1.252,1.34e-20
1252,1.253,1.335e-20
1253,1.254,1.329e-20
1254,1.255,1.324e-20
1255,1.256,1.319e-20
1256,1.257,1.314e-20
1257,1.258,1.309e-20
1258,1.259,1.303e-20
1259,1.26,1.298e-20
1260,1.261,1.293e-20
1261,1.262,1.288e-20
1262,1.263,1.283e-20
1263,1.264,1.277e-20
1264,1.265,1.272e-20
1265,1.266,1.267e-20
1266,1.267,1.262e-20
1267,1.268,1.257e-20
1268,1.269,1.252e-20
1269,1.27,1.247e-20
1270,1.271,1.242e-20
1271,1.272,1.237e-20
1272,1.273,1.231e-20
1273,1.274,1.226e-20
1274,1.275,1.221e-20
1275,1.276,1.216e-20
1276,1.277,1.211e-20
1277,1.278,1.206e-20
1278,1.279,1.201e-20
1279,1.28,1.196e-20
1280,1.281,1.191e-20
1281,1.282,1.186e-20
1282,1.283,1.181e-20
1283,1.284,1.176e-20
1284,1.285,1.171e-20
1285,1.286,1.166e-20
1286,1.287,1.161e-20
1287,1.288,1.156e-20
1288,1.289,1.151e-20
1289,1.29,1.146e-20
1290,1.291,1.142e-20
1291,1.292,1.137e-20
1292,1.293,1.132e-20
1293,1.294,1.127e-20
1294,1.295,1.122e-20
1295,1.296,1.117e-20
1296,1.297,1.112e-20
1297,1.298,1.107e-20
1298,1.299,1.102e-20
1299,1.3,1.098e-20
1300,1.301,1.093e-20
1301,1.302,1.088e-20
1302,1.303,1.083e-20
1303,1.304,1.078e-20
1304,1.305,1.074e-20
1305,1.306,1.069e-20
1306,1.307,1.064e-20
1307,1.308,1.059e-20
1308,1.309,1.055e-20
1309,1.31,1.05e-20
1310,1.311,1.045e-20
1311,1.312,1.04e-20
1312,1.313,1.036e-20
1313,1.314,1.031e-20
1314,1.315,1.026e-20
1315,1.316,1.022e-20
1316,1.317,1.017e-20
1317,1.318,1.012e-20
1318,1.319,1.008e-20
1319,1.32,1.003e-20
1320,1.321,9.985e-21
1321,1.322,9.939e-21
1322,1.323,9.893e-21
1323,1.324,9.847e-21
1324,1.325,9.801e-21
1325,1.326,9.755e-21
1326,1.327,9.71e-21
1327,1.328,9.664e-21
1328,1.329,9.619e-21
1329,1.33,9.574e-21
1330,1.331,9.529e-21
1331,1.332,9.483e-21
1332,1.333,9.439e-21
1333,1.334,9.394e-21
1334,1.335,9.349e-21
1335,1.336,9.304e-21
1336,1.337,9.26e-21
1337,1.338,9.215e-21
1338,1.339,9.171e-21
1339,1.34,9.127e-21
1340,1.341,9.083e-21
1341,1.342,9.039e-21
1342,1.343,8.995e-21
1343,1.344,8.951e-21
1344,1.345,8.908e-21
1345,1.346,8.864e-21
1346,1.347,8.821e-21
1347,1.348,8.777e-21
1348,1.349,8.734e-21
1349,1.35,8.691e-21
1350,1.351,8.648e-21
1351,1.352,8.605e-21
1352,1.353,8.562e-21
1353,1.354,8.52e-21
1354,1.355,8.477e-21
1355,1.356,8.435e-21
1356,1.357,8.392e-21
1357,1.358,8.35e-21
1358,1.359,8.308e-21
1359,1.36,8.266e-21
1360,1.361,8.224e-21
1361,1.362,8.182e-21
1362,1.363,8.141e-21
1363,1.364,8.099e-21
1364,1.365,8.058e-21
1365,1.366,8.017e-21
1366,1.367,7.975e-21
1367,1.368,7.934e-21
1368,1.369,7.893e-21
1369,1.37,7.853e-21
1370,1.371,7.812e-21
1371,1.372,7.771e-21
1372,1.373,7.731e-21
1373,1.374,7.69e-21
1374,1.375,7.65e-21
1375,1.376,7.61e-21
1376,1.377,7.57e-21
1377,1.378,7.53e-21
1378,1.379,7.49e-21
1379,1.38,7.45e-21
1380,1.381,7.411e-21
1381,1.382,7.371e-21
1382,1.383,7.332e-21
1383,1.384,7.293e-21
1384,1.385,7.254e-21
1385,1.386,7.215e-21
1386,1.387,7.176e-21
1387,1.388,7.137e-21
1388,1.389,7.098e-21
1389,1.39,7.06e-21
1390,1.391,7.021e-21
1391,1.392,6.983e-21
1392,1.393,6.945e-21
1393,1.394,6.907e-21
1394,1.395,6.869e-21
1395,1.396,6.831e-21
1396,1.397,6.794e-21
1397,1.398,6.756e-21
1398,1.399,6.718e-21
1399,1.4,6.681e-21
1400,1.401,6.644e-21
1401,1.402,6.607e-21
1402,1.403,6.57e-21
1403,1.404,6.533e-21
1404,1.405,6.496e-21
1405,1.406,6.46e-21
1406,1.407,6.423e-21
1407,1.408,6.387e-21
1408,1.409,6.35e-21
1409,1.41,6.314e-21
1410,1.411,6.278e-21
1411,1.412,6.242e-21
1412,1.413,6.206e-21
1413,1.414,6.171e-21
1414,1.415,6.135e-21
1415,1.416,6.1e-21
1416,1.417,6.064e-21
1417,1.418,6.029e-21
1418,1.419,5.994e-21
1419,1.42,5.959e-21
1420,1.421,5.924e-21
1421,1.422,5.89e-21
1422,1.423,5.855e-21
1423,1.424,5.821e-21
1424,1.425,5.786e-21
1425,1.426,5.752e-21
1426,1.427,5.718e-21
1427,1.428,5.684e-21
1428,1.429,5.65e-21
1429,1.43,5.616e-21
1430,1.431,5.583e-21
1431,1.432,5.549e-21
1432,1.433,5.516e-21
1433,1.434,5.482e-21
1434,1.435,5.449e-21
1435,1.436,5.416e-21
1436,1.437,5.383e-21
1437,1.438,5.35e-21
1438,1.439,5.318e-21
1439,1.44,5.285e-21
1440,1.441,5.253e-21
1441,1.442,5.22e-21
1442,1.443,5.188e-21
1443,1.444,5.156e-21
1444,1.445,5.124e-21
1445,1.446,5.092e-21
1446,1.447,5.061e-21
1447,1.448,5.029e-21
1448,1.449,4.998e-21
1449,1.45,4.966e-21
1450,1.451,4.935e-21
1451,1.452,4.904e-21
1452,1.453,4.873e-21
1453,1.454,4.842e-21
1454,1.455,4.811e-21
1455,1.456,4.781e-21
1456,1.457,4.75e-21
1457,1.458,4.72e-21
1458,1.459,4.689e-21
1459,1.46,4.659e-21
1460,1.461,4.629e-21
1461,1.462,4.599e-21
1462,1.463,4.57e-21
1463,1.464,4.54e-21
1464,1.465,4.51e-21
1465,1.466,4.481e-21
1466,1.467,4.452e-21
1467,1.468,4.422e-21
1468,1.469,4.393e-21
1469,1.47,4.364e-21
1470,1.471,4.335e-21
1471,1.472,4.307e-21
1472,1.473,4.278e-21
1473,1.474,4.25e-21
1474,1.475,4.221e-21
1475,1.476,4.193e-21
1476,1.477,4.165e-21
1477,1.478,4.137e-21
1478,1.479,4.109e-21
1479,1.48,4.081e-21
1480,1.481,4.054e-21
1481,1.482,4.026e-21
1482,1.483,3.999e-21
1483,1.484,3.971e-21
1484,1.485,3.944e-21
1485,1.486,3.917e-21
1486,1.487,3.89e-21
1487,1.488,3.863e-21
1488,1.489,3.837e-21
1489,1.49,3.81e-21
1490,1.491,3.784e-21
1491,1.492,3.757e-21
1492,1.493,3.731e-21
1493,1.494,3.705e-21
1494,1.495,3.679e-21
1495,1.496,3.653e-21
1496,1.497,3.627e-21
1497,1.498,3.602e-21
1498,1.499,3.576e-21
1499,1.5,3.551e-21
1500,1.501,3.525e-21
1501,1.502,3.5e-21
1502,1.503,3.475e-21
1503,1.504,3.45e-21
1504,1.505,3.425e-21
1505,1.506,3.401e-21
1506,1.507,3.376e-21
1507,1.508,3.351e-21
1508,1.509,3.327e-21
1509,1.51,3.303e-21
1510,1.511,3.279e-21
1511,1.512,3.255e-21
1512,1.513,3.231e-21
1513,1.514,3.207e-21
1514,1.515,3.183e-21
1515,1.516,3.16e-21
1516,1.517,3.136e-21
1517,1.518,3.113e-21
1518,1.519,3.09e-21
1519,1.52,3.066e-21
1520,1.521,3.043e-21
1521,1.522,3.021e-21
1522,1.523,2.998e-21
1523,1.524,2.975e-21
1524,1.525,2.953e-21
1525,1.526,2.93e-21
1526,1.527,2.908e-21
1527,1.528,2.886e-21
1528,1.529,2.863e-21
1529,1.53,2.841e-21
1530,1.531,2.82e-21
1531,1.532,2.798e-21
1532,1.533,2.776e-21
1533,1.534,2.755e-21
1534,1.535,2.733e-21
1535,1.536,2.712e-21
1536,1.537,2.691e-21
1537,1.538,2.67e-21
1538,1.539,2.649e-21
1539,1.54,2.628e-21
1540,1.541,2.607e-21
1541,1.542,2.586e-21
1542,1.543,2.566e-21
1543,1.544,2.545e-21
1544,1.545,2.525e-21
1545,1.546,2.505e-21
1546,1.547,2.485e-21
1547,1.548,2.465e-21
1548,1.549,2.445e-21
1549,1.55,2.425e-21
1550,1.551,2.405e-21
1551,1.552,2.386e-21
1552,1.553,2.366e-21
1553,1.554,2.347e-21
1554,1.555,2.327e-21
1555,1.556,2.308e-21
1556,1.557,2.289e-21
1557,1.558,2.27e-21
1558,1.559,2.251e-21
1559,1.56,2.233e-21
1560,1.561,2.214e-21
1561,1.562,2.196e-21
1562,1.563,2.177e-21
1563,1.564,2.159e-21
1564,1.565,2.141e-21
1565,1.566,2.123e-21
1566,1.567,2.105e-21
1567,1.568,2.087e-21
1568,1.569,2.069e-21
1569,1.57,2.051e-21
1570,1.571,2.034e-21
1571,1.572,2.016e-21
1572,1.573,1.999e-21
1573,1.574,1.981e-21
1574,1.575,1.964e-21
1575,1.576,1.947e-21
1576,1.577,1.93e-21
1577,1.578,1.913e-21
1578,1.579,1.897e-21
1579,1.58,1.88e-21
1580,1.581,1.863e-21
1581,1.582,1.847e-21
1582,1.583,1.831e-21
1583,1.584,1.814e-21
1584,1.585,1.798e-21
1585,1.586,1.782e-21
1586,1.587,1.766e-21
1587,1.588,1.75e-21
1588,1.589,1.734e-21
1589,1.59,1.719e-21
1590,1.591,1.703e-21
1591,1.592,1.688e-21
1592,1.593,1.672e-21
1593,1.594,1.657e-21
1594,1.595,1.642e-21
1595,1.596,1.627e-21
1596,1.597,1.612e-21
1597,1.598,1.597e-21
1598,1.599,1.582e-21
1599,1.6,1.567e-21
1600,1.601,1.553e-21
1601,1.602,1.538e-21
1602,1.603,1.524e-21
1603,1.604,1.509e-21
1604,1.605,1.495e-21
1605,1.606,1.481e-21
1606,1.607,1.467e-21
1607,1.608,1.453e-21
1608,1.609,1.439e-21
1609,1.61,1.425e-21
1610,1.611,1.412e-21
1611,1.612,1.398e-21
1612,1.613,1.385e-21
1613,1.614,1.371e-21
1614,1.615,1.358e-21
1615,1.616,1.345e-21
1616,1.617,1.332e-21
1617,1.618,1.319e-21
1618,1.619,1.306e-21
1619,1.62,1.293e-21
1620,1.621,1.28e-21
1621,1.622,1.267e-21
1622,1.623,1.255e-21
1623,1.624,1.242e-21
1624,1.625,1.23e-21
1625,1.626,1.217e-21
1626,1.627,1.205e-21
1627,1.628,1.193e-21
1628,1.629,1.181e-21
1629,1.63,1.169e-21
1630,1.631,1.157e-21
1631,1.632,1.145e-21
1632,1.633,1.133e-21
1633,1.634,1.122e-21
1634,1.635,1.11e-21
1635,1.636,1.099e-21
1636,1.637,1.087e-21
1637,1.638,1.076e-21
1638,1.639,1.065e-21
1639,1.64,1.054e-21
1640,1.641,1.043e-21
1641,1.642,1.032e-21
1642,1.643,1.021e-21
1643,1.644,1.01e-21
1644,1.645,9.992e-22
1645,1.646,9.886e-22
1646,1.647,9.78e-22
1647,1.648,9.675e-22
1648,1.649,9.571e-22
1649,1.65,9.468e-22
1650,1.651,9.366e-22
1651,1.652,9.264e-22
1652,1.653,9.163e-22
1653,1.654,9.063e-22
1654,1.655,8.964e-22
1655,1.656,8.865e-22
1656,1.657,8.767e-22
1657,1.658,8.67e-22
1658,1.659,8.574e-22
1659,1.66,8.479e-22
1660,1.661,8.384e-22
1661,1.662,8.29e-22
1662,1.663,8.197e-22
1663,1.664,8.105e-22
1664,1.665,8.013e-22
1665,1.666,7.922e-22
1666,1.667,7.832e-22
1667,1.668,7.742e-22
1668,1.669,7.654e-22
1669,1.67,7.566e-22
1670,1.671,7.478e-22
1671,1.672,7.392e-22
1672,1.673,7.306e-22
1673,1.674,7.221e-22
1674,1.675,7.137e-22
1675,1.676,7.053e-22
1676,1.677,6.97e-22
1677,1.678,6.888e-22
1678,1.679,6.806e-22
1679,1.68,6.726e-22
1680,1.681,6.645e-22
1681,1.682,6.566e-22
1682,1.683,6.487e-22
1683,1.684,6.409e-22
1684,1.685,6.332e-22
1685,1.686,6.255e-22
1686,1.687,6.179e-22
1687,1.688,6.104e-22
1688,1.689,6.029e-22
1689,1.69,5.955e-22
1690,1.691,5.882e-22
1691,1.692,5.809e-22
1692,1.693,5.737e-22
1693,1.694,5.666e-22
1694,1.695,5.595e-22
1695,1.696,5.525e-22
1696,1.697,5.455e-22
1697,1.698,5.387e-22
1698,1.699,5.318e-22
1699,1.7,5.251e-22
1700,1.701,5.184e-22
1701,1.702,5.118e-22
1702,1.703,5.052e-22
1703,1.704,4.987e-22
1704,1.705,4.922e-22
1705,1.706,4.859e-22
1706,1.707,4.795e-22
1707,1.708,4.733e-22
1708,1.709,4.671e-22
1709,1.71,4.609e-22
1710,1.711,4.549e-22
1711,1.712,4.488e-22
1712,1.713,4.429e-22
1713,1.714,4.37e-22
1714,1.715,4.311e-22
1715,1.716,4.253e-22
1716,1.717,4.196e-22
1717,1.718,4.139e-22
1718,1.719,4.083e-22
1719,1.72,4.027e-22
1720,1.721,3.972e-22
1721,1.722,3.918e-22
1722,1.723,3.864e-22
1723,1.724,3.81e-22
1724,1.725,3.757e-22
1725,1.726,3.705e-22
1726,1.727,3.653e-22
1727,1.728,3.602e-22
1728,1.729,3.551e-22
1729,1.73,3.501e-22
1730,1.731,3.451e-22
1731,1.732,3.402e-22
1732,1.733,3.354e-22
1733,1.734,3.306e-22
1734,1.735,3.258e-22
1735,1.736,3.211e-22
1736,1.737,3.164e-22
1737,1.738,3.118e-22
1738,1.739,3.073e-22
1739,1.74,3.028e-22
1740,1.741,2.983e-22
1741,1.742,2.939e-22
1742,1.743,2.895e-22
1743,1.744,2.852e-22
1744,1.745,2.809e-22
1745,1.746,2.767e-22
1746,1.747,2.726e-22
1747,1.748,2.684e-22
1748,1.749,2.644e-22
1749,1.75,2.603e-22
1750,1.751,2.563e-22
1751,1.752,2.524e-22
1752,1.753,2.485e-22
1753,1.754,2.447e-22
1754,1.755,2.409e-22
1755,1.756,2.371e-22
1756,1.757,2.334e-22
1757,1.758,2.297e-22
1758,1.759,2.261e-22
1759,1.76,2.225e-22
1760,1.761,2.189e-22
1761,1.762,2.154e-22
1762,1.763,2.12e-22
1763,1.764,2.086e-22
1764,1.765,2.052e-22
1765,1.766,2.019e-22
1766,1.767,1.986e-22
1767,1.768,1.953e-22
1768,1.769,1.921e-22
1769,1.77,1.889e-22
1770,1.771,1.858e-22
1771,1.772,1.827e-22
1772,1.773,1.796e-22
1773,1.774,1.766e-22
1774,1.775,1.736e-22
1775,1.776,1.707e-22
1776,1.777,1.678e-22
1777,1.778,1.649e-22
1778,1.779,1.621e-22
1779,1.78,1.593e-22
1780,1.781,1.565e-22
1781,1.782,1.538e-22
1782,1.783,1.511e-22
1783,1.784,1.485e-22
1784,1.785,1.459e-22
1785,1.786,1.433e-22
1786,1.787,1.407e-22
1787,1.788,1.382e-22
1788,1.789,1.357e-22
1789,1.79,1.333e-22
1790,1.791,1.309e-22
1791,1.792,1.285e-22
1792,1.793,1.262e-22
1793,1.794,1.239e-22
1794,1.795,1.216e-22
1795,1.796,1.193e-22
1796,1.797,1.171e-22
1797,1.798,1.149e-22
1798,1.799,1.128e-22
1799,1.8,1.106e-22
1800,1.801,1.086e-22
1801,1.802,1.065e-22
1802,1.803,1.045e-22
1803,1.804,1.025e-22
1804,1.805,1.005e-22
1805,1.806,9.854e-23
1806,1.807,9.662e-23
1807,1.808,9.473e-23
1808,1.809,9.287e-23
1809,1.81,9.104e-23
1810,1.811,8.923e-23
1811,1.812,8.746e-23
1812,1.813,8.571e-23
1813,1.814,8.398e-23
1814,1.815,8.228e-23
1815,1.816,8.061e-23
1816,1.817,7.897e-23
1817,1.818,7.735e-23
1818,1.819,7.575e-23
1819,1.82,7.419e-23
1820,1.821,7.264e-23
1821,1.822,7.112e-23
1822,1.823,6.963e-23
1823,1.824,6.816e-23
1824,1.825,6.671e-23
1825,1.826,6.529e-23
1826,1.827,6.388e-23
1827,1.828,6.251e-23
1828,1.829,6.115e-23
1829,1.83,5.982e-23
1830,1.831,5.851e-23
1831,1.832,5.722e-23
1832,1.833,5.596e-23
1833,1.834,5.471e-23
1834,1.835,5.349e-23
1835,1.836,5.229e-23
1836,1.837,5.111e-23
1837,1.838,4.995e-23
1838,1.839,4.881e-23
1839,1.84,4.768e-23
1840,1.841,4.658e-23
1841,1.842,4.55e-23
1842,1.843,4.444e-23
1843,1.844,4.34e-23
1844,1.845,4.237e-23
1845,1.846,4.137e-23
1846,1.847,4.038e-23
1847,1.848,3.941e-23
1848,1.849,3.846e-23
1849,1.85,3.753e-23
1850,1.851,3.662e-23
1851,1.852,3.572e-23
1852,1.853,3.484e-23
1853,1.854,3.397e-23
1854,1.855,3.312e-23
1855,1.856,3.229e-23
1856,1.857,3.148e-23
1857,1.858,3.068e-23
1858,1.859,2.989e-23
1859,1.86,2.913e-23
1860,1.861,2.837e-23
1861,1.862,2.763e-23
1862,1.863,2.691e-23
1863,1.864,2.62e-23
1864,1.865,2.551e-23
1865,1.866,2.483e-23
1866,1.867,2.416e-23
1867,1.868,2.351e-23
1868,1.869,2.288e-23
1869,1.87,2.225e-23
1870,1.871,2.164e-23
1871,1.872,2.104e-23
1872,1.873,2.046e-23
1873,1.874,1.988e-23
1874,1.875,1.932e-23
1875,1.876,1.877e-23
1876,1.877,1.824e-23
1877,1.878,1.772e-23
1878,1.879,1.72e-23
1879,1.88,1.67e-23
1880,1.881,1.621e-23
1881,1.882,1.573e-23
1882,1.883,1.527e-23
1883,1.884,1.481e-23
1884,1.885,1.437e-23
1885,1.886,1.393e-23
1886,1.887,1.351e-23
1887,1.888,1.309e-23
1888,1.889,1.269e-23
1889,1.89,1.229e-23
1890,1.891,1.19e-23
1891,1.892,1.153e-23
1892,1.893,1.116e-23
1893,1.894,1.08e-23
1894,1.895,1.046e-23
1895,1.896,1.012e-23
1896,1.897,9.785e-24
1897,1.898,9.462e-24
1898,1.899,9.148e-24
1899,1.9,8.842e-24
1900,1.901,8.543e-24
1901,1.902,8.253e-24
1902,1.903,7.971e-24
1903,1.904,7.696e-24
1904,1.905,7.428e-24
1905,1.906,7.168e-24
1906,1.907,6.915e-24
1907,1.908,6.669e-24
1908,1.909,6.43e-24
1909,1.91,6.197e-24
1910,1.911,5.971e-24
1911,1.912,5.752e-24
1912,1.913,5.539e-24
1913,1.914,5.332e-24
1914,1.915,5.132e-24
1915,1.916,4.937e-24
1916,1.917,4.748e-24
1917,1.918,4.565e-24
1918,1.919,4.387e-24
1919,1.92,4.215e-24
1920,1.921,4.048e-24
1921,1.922,3.886e-24
1922,1.923,3.729e-24
1923,1.924,3.578e-24
1924,1.925,3.431e-24
1925,1.926,3.289e-24
1926,1.927,3.152e-24
1927,1.928,3.019e-24
1928,1.929,2.89e-24
1929,1.93,2.766e-24
1930,1.931,2.647e-24
1931,1.932,2.531e-24
1932,1.933,2.419e-24
1933,1.934,2.311e-24
1934,1.935,2.207e-24
1935,1.936,2.107e-24
1936,1.937,2.01e-24
1937,1.938,1.917e-24
1938,1.939,1.827e-24
1939,1.94,1.741e-24
1940,1.941,1.657e-24
1941,1.942,1.577e-24
1942,1.943,1.5e-24
1943,1.944,1.426e-24
1944,1.945,1.355e-24
1945,1.946,1.287e-24
1946,1.947,1.221e-24
1947,1.948,1.159e-24
1948,1.949,1.098e-24
1949,1.95,1.04e-24
1950,1.951,9.85e-25
1951,1.952,9.319e-25
1952,1.953,8.812e-25
1953,1.954,8.326e-25
1954,1.955,7.861e-25
1955,1.956,7.418e-25
1956,1.957,6.994e-25
1957,1.958,6.589e-25
1958,1.959,6.204e-25
1959,1.96,5.836e-25
1960,1.961,5.485e-25
1961,1.962,5.152e-25
1962,1.963,4.835e-25
1963,1.964,4.533e-25
1964,1.965,4.246e-25
1965,1.966,3.974e-25
1966,1.967,3.716e-25
1967,1.968,3.471e-25
1968,1.969,3.239e-25
1969,1.97,3.02e-25
1970,1.971,2.812e-25
1971,1.972,2.616e-25
1972,1.973,2.431e-25
1973,1.974,2.256e-25
1974,1.975,2.092e-25
1975,1.976,1.937e-25
1976,1.977,1.791e-25
1977,1.978,1.654e-25
1978,1.979,1.526e-25
1979,1.98,1.405e-25
1980,1.981,1.292e-25
1981,1.982,1.187e-25
1982,1.983,1.088e-25
1983,1.984,9.963e-26
1984,1.985,9.106e-26
1985,1.986,8.308e-26
1986,1.987,7.567e-26
1987,1.988,6.879e-26
1988,1.989,6.242e-26
1989,1.99,5.652e-26
1990,1.991,5.108e-26
1991,1.992,4.606e-26
1992,1.993,4.144e-26
1993,1.994,3.719e-26
1994,1.995,3.33e-26
1995,1.996,2.974e-26
1996,1.997,2.649e-26
1997,1.998,2.352e-26
1998,1.999,2.083e-26
1999,2.0,1.839e-26
2000,2.001,1.618e-26
2001,2.002,1.418e-26
2002,2.003,1.239e-26
2003,2.004,1.078e-26
2004,2.005,9.346e-27
2005,2.006,8.066e-27
2006,2.007,6.929e-27
2007,2.008,5.923e-27
2008,2.009,5.037e-27
2009,2.01,4.26e-27
2010,2.011,3.581e-27
2011,2.012,2.992e-27
2012,2.013,2.482e-27
2013,2.014,2.044e-27
2014,2.015,1.67e-27
2015,2.016,1.353e-27
2016,2.017,1.086e-27
2017,2.018,8.622e-28
2018,2.019,6.77e-28
2019,2.02,5.25e-28
2020,2.021,4.016e-28
2021,2.022,3.025e-28
2022,2.023,2.239e-28
2023,2.024,1.626e-28
2024,2.025,1.154e-28
2025,2.026,7.992e-29
2026,2.027,5.372e-29
2027,2.028,3.488e-29
2028,2.029,2.173e-29
2029,2.03,1.288e-29
2030,2.031,7.178e-30
2031,2.032,3.7e-30
2032,2.033,1.722e-30
2033,2.034,6.968e-31
2034,2.035,2.302e-31
2035,2.036,5.5e-32
2036,2.037,7.051e-33
2037,2.038,1.043e-35
2038,2.039,0.0
